{"cameraMode":{"drawMode":0,"name":"Shaded","section":"Shading Mode"},"sceneLighting":false,"audioPlay":false,"sceneViewState":{"showFog":true,"showMaterialUpdate":false,"showSkybox":false,"showFlares":true,"showImageEffects":true,"showParticleSystems":true,"showVisualEffectGraphs":true,"m_FxEnabled":false},"in2DMode":false,"pivot":{"x":0.14440424740314485,"y":0.30875083804130556,"z":-0.019434012472629548},"rotation":{"x":-0.13401329517364503,"y":0.7028680443763733,"z":-0.1375173032283783,"w":-0.6849778890609741},"size":0.5686230063438416,"orthographic":false}