{"cameraMode":{"drawMode":0,"name":"Shaded","section":"Shading Mode"},"sceneLighting":false,"audioPlay":false,"sceneViewState":{"showFog":true,"showMaterialUpdate":false,"showSkybox":false,"showFlares":true,"showImageEffects":true,"showParticleSystems":true,"showVisualEffectGraphs":true,"m_FxEnabled":false},"in2DMode":false,"pivot":{"x":0.5072797536849976,"y":0.14334233105182649,"z":-0.147093266248703},"rotation":{"x":-0.08527087420225144,"y":0.9013828635215759,"z":-0.20745296776294709,"w":-0.37052690982818606},"size":1.1686229705810547,"orthographic":false}