{"cameraMode":{"drawMode":0,"name":"Shaded","section":"Shading Mode"},"sceneLighting":false,"audioPlay":false,"sceneViewState":{"showFog":true,"showMaterialUpdate":false,"showSkybox":false,"showFlares":true,"showImageEffects":true,"showParticleSystems":true,"showVisualEffectGraphs":true,"m_FxEnabled":true},"in2DMode":false,"pivot":{"x":-3.9013633728027345,"y":-13.391931533813477,"z":22.366413116455079},"rotation":{"x":-0.2353658378124237,"y":0.048201724886894229,"z":-0.011729279533028603,"w":-0.9706454277038574},"size":34.069862365722659,"orthographic":false}