{"cameraMode":{"drawMode":0,"name":"Shaded","section":"Shading Mode"},"sceneLighting":true,"audioPlay":false,"sceneViewState":{"showFog":true,"showMaterialUpdate":false,"showSkybox":true,"showFlares":true,"showImageEffects":true,"showParticleSystems":true,"showVisualEffectGraphs":true,"m_FxEnabled":true},"in2DMode":false,"pivot":{"x":-5.003566741943359,"y":0.820974588394165,"z":19.082895278930665},"rotation":{"x":-0.13488154113292695,"y":-0.015758398920297624,"z":0.0021301847882568838,"w":-0.9907448887825012},"size":7.2999982833862309,"orthographic":false}