{"cameraMode":{"drawMode":0,"name":"Shaded","section":"Shading Mode"},"sceneLighting":true,"audioPlay":false,"sceneViewState":{"showFog":true,"showMaterialUpdate":false,"showSkybox":true,"showFlares":true,"showImageEffects":true,"showParticleSystems":true,"showVisualEffectGraphs":true,"m_FxEnabled":true},"in2DMode":false,"pivot":{"x":3.4216041564941408,"y":3.6980557441711427,"z":-6.563857078552246},"rotation":{"x":0.1467718929052353,"y":-0.013950775377452374,"z":0.002243575407192111,"w":0.9891579151153565},"size":5.6808671951293949,"orthographic":false}