{"cameraMode":{"drawMode":0,"name":"Shaded","section":"Shading Mode"},"sceneLighting":true,"audioPlay":false,"sceneViewState":{"showFog":true,"showMaterialUpdate":false,"showSkybox":true,"showFlares":true,"showImageEffects":true,"showParticleSystems":true,"showVisualEffectGraphs":true,"m_FxEnabled":true},"in2DMode":false,"pivot":{"x":0.8109803199768066,"y":-11.587188720703125,"z":28.560640335083009},"rotation":{"x":-0.22045975923538209,"y":-0.015508866868913174,"z":0.0035038187634199859,"w":-0.9752870202064514},"size":16.499008178710939,"orthographic":false}