{"cameraMode":{"drawMode":0,"name":"Shaded","section":"Shading Mode"},"sceneLighting":false,"audioPlay":false,"sceneViewState":{"showFog":true,"showMaterialUpdate":false,"showSkybox":true,"showFlares":true,"showImageEffects":true,"showParticleSystems":true,"showVisualEffectGraphs":true,"m_FxEnabled":true},"in2DMode":false,"pivot":{"x":-4.729074478149414,"y":-5.943798065185547,"z":37.368743896484378},"rotation":{"x":0.15716199576854707,"y":0.008317925035953522,"z":-0.0011047553271055222,"w":0.9876112937927246},"size":16.650686264038087,"orthographic":false}