{"cameraMode":{"drawMode":0,"name":"Shaded","section":"Shading Mode"},"sceneLighting":true,"audioPlay":false,"sceneViewState":{"showFog":true,"showMaterialUpdate":false,"showSkybox":true,"showFlares":true,"showImageEffects":true,"showParticleSystems":true,"showVisualEffectGraphs":true,"m_FxEnabled":true},"in2DMode":false,"pivot":{"x":-12.956893920898438,"y":0.6885349154472351,"z":25.495920181274415},"rotation":{"x":-0.07834544032812119,"y":0.2612774074077606,"z":-0.021433543413877488,"w":-0.9618940353393555},"size":18.30678939819336,"orthographic":false}