{"cameraMode":{"drawMode":0,"name":"Shaded","section":"Shading Mode"},"sceneLighting":false,"audioPlay":false,"sceneViewState":{"showFog":true,"showMaterialUpdate":false,"showSkybox":true,"showFlares":true,"showImageEffects":true,"showParticleSystems":true,"showVisualEffectGraphs":true,"m_FxEnabled":true},"in2DMode":false,"pivot":{"x":-5.181498050689697,"y":2.991295337677002,"z":11.501317977905274},"rotation":{"x":-0.1050579845905304,"y":-0.036107245832681659,"z":0.0036450382322072984,"w":-0.9938712120056152},"size":2.7230496406555177,"orthographic":false}