{"cameraMode":{"drawMode":0,"name":"Shaded","section":"Shading Mode"},"sceneLighting":false,"audioPlay":false,"sceneViewState":{"showFog":true,"showMaterialUpdate":false,"showSkybox":false,"showFlares":true,"showImageEffects":true,"showParticleSystems":true,"showVisualEffectGraphs":true,"m_FxEnabled":true},"in2DMode":false,"pivot":{"x":-1.0512020587921143,"y":0.17687082290649415,"z":0.9153029918670654},"rotation":{"x":0.3088313043117523,"y":-0.26862096786499026,"z":0.09137949347496033,"w":0.9078138470649719},"size":11.848998069763184,"orthographic":false}