{"cameraMode":{"drawMode":0,"name":"Shaded","section":"Shading Mode"},"sceneLighting":false,"audioPlay":false,"sceneViewState":{"showFog":true,"showMaterialUpdate":false,"showSkybox":false,"showFlares":true,"showImageEffects":true,"showParticleSystems":true,"showVisualEffectGraphs":true,"m_FxEnabled":true},"in2DMode":false,"pivot":{"x":0.004999995231628418,"y":1.6744037866592408,"z":0.8735201358795166},"rotation":{"x":-0.22045975923538209,"y":-0.015508866868913174,"z":0.0035038187634199859,"w":-0.9752870202064514},"size":1.0421369075775147,"orthographic":false}