{"cameraMode":{"drawMode":0,"name":"Shaded","section":"Shading Mode"},"sceneLighting":false,"audioPlay":false,"sceneViewState":{"showFog":false,"showMaterialUpdate":false,"showSkybox":false,"showFlares":false,"showImageEffects":false,"showParticleSystems":false,"showVisualEffectGraphs":true,"m_FxEnabled":true},"in2DMode":false,"pivot":{"x":5.960464477539063e-7,"y":1.1913137435913087,"z":0.01793980598449707},"rotation":{"x":0.011512929573655129,"y":0.18732035160064698,"z":0.0021460463758558037,"w":-0.9822584390640259},"size":2.0944371223449709,"orthographic":false}