{"cameraMode":{"drawMode":0,"name":"Shaded","section":"Shading Mode"},"sceneLighting":false,"audioPlay":false,"sceneViewState":{"showFog":true,"showMaterialUpdate":false,"showSkybox":false,"showFlares":true,"showImageEffects":true,"showParticleSystems":true,"showVisualEffectGraphs":true,"m_FxEnabled":true},"in2DMode":false,"pivot":{"x":-8.884763717651368,"y":0.6257921457290649,"z":11.321137428283692},"rotation":{"x":-0.0033941888250410558,"y":-0.9691647291183472,"z":0.24613577127456666,"w":-0.013355731032788754},"size":6.25554084777832,"orthographic":false}