{"cameraMode":{"drawMode":0,"name":"Shaded","section":"Shading Mode"},"sceneLighting":false,"audioPlay":false,"sceneViewState":{"showFog":true,"showMaterialUpdate":false,"showSkybox":true,"showFlares":true,"showImageEffects":true,"showParticleSystems":true,"showVisualEffectGraphs":true,"m_FxEnabled":true},"in2DMode":false,"pivot":{"x":1304.1580810546875,"y":668.70458984375,"z":271.1118469238281},"rotation":{"x":-0.039272602647542956,"y":-0.03686549514532089,"z":0.0014527933672070504,"w":-0.9985517263412476},"size":466.44989013671877,"orthographic":false}