{"cameraMode":{"drawMode":0,"name":"Shaded","section":"Shading Mode"},"sceneLighting":false,"audioPlay":false,"sceneViewState":{"showFog":true,"showMaterialUpdate":false,"showSkybox":false,"showFlares":true,"showImageEffects":true,"showParticleSystems":true,"showVisualEffectGraphs":true,"m_FxEnabled":true},"in2DMode":false,"pivot":{"x":1.5614681243896485,"y":0.3597298264503479,"z":-0.1494688093662262},"rotation":{"x":0.12536610662937165,"y":-0.7199685573577881,"z":0.13435642421245576,"w":0.6693000793457031},"size":0.8660253882408142,"orthographic":false}