{"cameraMode":{"drawMode":0,"name":"Shaded","section":"Shading Mode"},"sceneLighting":false,"audioPlay":false,"sceneViewState":{"showFog":true,"showMaterialUpdate":false,"showSkybox":false,"showFlares":true,"showImageEffects":true,"showParticleSystems":true,"showVisualEffectGraphs":true,"m_FxEnabled":true},"in2DMode":false,"pivot":{"x":-0.009495415724813939,"y":-0.1076553463935852,"z":0.6865929961204529},"rotation":{"x":-0.0011865185806527734,"y":-0.028288519009947778,"z":-0.0003699050866998732,"w":0.9996436238288879},"size":0.8660253882408142,"orthographic":false}