{"cameraMode":{"drawMode":0,"name":"Shaded","section":"Shading Mode"},"sceneLighting":false,"audioPlay":false,"sceneViewState":{"showFog":true,"showMaterialUpdate":false,"showSkybox":false,"showFlares":true,"showImageEffects":true,"showParticleSystems":true,"showVisualEffectGraphs":true,"m_FxEnabled":true},"in2DMode":false,"pivot":{"x":-0.4102861285209656,"y":2.083360195159912,"z":1.4234446287155152},"rotation":{"x":0.1807253658771515,"y":-0.032307278364896777,"z":0.005598430521786213,"w":0.9830323457717896},"size":3.866024971008301,"orthographic":false}