{"cameraMode":{"drawMode":0,"name":"Shaded","section":"Shading Mode"},"sceneLighting":true,"audioPlay":false,"sceneViewState":{"showFog":true,"showMaterialUpdate":false,"showSkybox":true,"showFlares":true,"showImageEffects":true,"showParticleSystems":true,"showVisualEffectGraphs":true,"m_FxEnabled":true},"in2DMode":false,"pivot":{"x":0.6984121203422546,"y":33.98871612548828,"z":-37.395355224609378},"rotation":{"x":0.2509082555770874,"y":0.03641307353973389,"z":-0.009779207408428193,"w":0.9673221707344055},"size":4.526340961456299,"orthographic":false}