{"cameraMode":{"drawMode":0,"name":"Shaded","section":"Shading Mode"},"sceneLighting":true,"audioPlay":false,"sceneViewState":{"showFog":true,"showMaterialUpdate":false,"showSkybox":true,"showFlares":true,"showImageEffects":true,"showParticleSystems":true,"showVisualEffectGraphs":true,"m_FxEnabled":true},"in2DMode":false,"pivot":{"x":408.3975524902344,"y":37.566375732421878,"z":63.701622009277347},"rotation":{"x":-0.0000640486687188968,"y":0.9919961094856262,"z":-0.12656868994235993,"w":0.002228203695267439},"size":65.10922241210938,"orthographic":false}