{"cameraMode":{"drawMode":0,"name":"Shaded","section":"Shading Mode"},"sceneLighting":true,"audioPlay":false,"sceneViewState":{"showFog":true,"showMaterialUpdate":false,"showSkybox":true,"showFlares":true,"showImageEffects":true,"showParticleSystems":true,"showVisualEffectGraphs":true,"m_FxEnabled":true},"in2DMode":false,"pivot":{"x":-0.15460410714149476,"y":2.469658374786377,"z":7.386330604553223},"rotation":{"x":0.005841180216521025,"y":-0.9934477210044861,"z":0.09748130291700363,"w":0.0597122386097908},"size":0.36790671944618227,"orthographic":false}