{"cameraMode":{"drawMode":0,"name":"Shaded","section":"Shading Mode"},"sceneLighting":true,"audioPlay":false,"sceneViewState":{"showFog":true,"showMaterialUpdate":false,"showSkybox":true,"showFlares":true,"showImageEffects":true,"showParticleSystems":true,"showVisualEffectGraphs":true,"m_FxEnabled":true},"in2DMode":false,"pivot":{"x":157.52391052246095,"y":-2.37852144241333,"z":367.9489440917969},"rotation":{"x":0.0015933213289827109,"y":-0.9985395073890686,"z":0.048261694610118869,"w":0.02595733478665352},"size":44.41270065307617,"orthographic":false}