{"cameraMode":{"drawMode":0,"name":"Shaded","section":"Shading Mode"},"sceneLighting":false,"audioPlay":false,"sceneViewState":{"showFog":true,"showMaterialUpdate":false,"showSkybox":false,"showFlares":true,"showImageEffects":true,"showParticleSystems":true,"showVisualEffectGraphs":true,"m_FxEnabled":true},"in2DMode":false,"pivot":{"x":-13.966665267944336,"y":-0.39598044753074648,"z":-17.659669876098634},"rotation":{"x":0.12411285191774368,"y":-0.7709445953369141,"z":0.15827801823616029,"w":0.6043809056282044},"size":0.9495478868484497,"orthographic":false}