{"cameraMode":{"drawMode":0,"name":"Shaded","section":"Shading Mode"},"sceneLighting":false,"audioPlay":false,"sceneViewState":{"showFog":false,"showMaterialUpdate":false,"showSkybox":false,"showFlares":false,"showImageEffects":false,"showParticleSystems":false,"showVisualEffectGraphs":true,"m_FxEnabled":true},"in2DMode":false,"pivot":{"x":0.7332015633583069,"y":0.6499807238578796,"z":-0.7347924709320068},"rotation":{"x":0.002412116387858987,"y":0.9966140389442444,"z":-0.07667835801839829,"w":0.030832553282380105},"size":2.292884349822998,"orthographic":false}