{"cameraMode":{"drawMode":0,"name":"Shaded","section":"Shading Mode"},"sceneLighting":false,"audioPlay":false,"sceneViewState":{"showFog":true,"showMaterialUpdate":false,"showSkybox":false,"showFlares":true,"showImageEffects":true,"showParticleSystems":true,"showVisualEffectGraphs":true,"m_FxEnabled":true},"in2DMode":false,"pivot":{"x":1.1183571815490723,"y":0.28948187828063967,"z":-1.5103849172592164},"rotation":{"x":-0.10334811359643936,"y":0.4302051067352295,"z":-0.04965461790561676,"w":-0.8954289555549622},"size":1.4812065362930298,"orthographic":false}